,0,1,2
0,-0.5615889376410238,-0.513244694941769,-0.12248519912699074
1,-0.8830829881596775,0.08018168165471365,0.4603478645961846
2,0.3795924946114746,0.40510556272794546,-0.26233346640165206
3,-0.13054482685683833,0.21031683368559104,0.2862246849442382
4,-0.17222214700632277,-0.114307792029113,-0.013367301041326185
5,-0.624115772521148,0.40078723981067893,0.16572270602807443
6,-0.28290629428222963,-0.5511217230257847,0.8732884390853157
7,-1.3336944148726302,-0.8609492058627296,0.7563168973380212
8,-0.511799213377234,0.02663540719061858,0.05991251982142171
9,-0.28968962115277574,-0.26633776490768435,0.3354955397673574
10,0.8078048474746509,0.22081523728646335,-0.15963471610829752
11,-0.4472373086989996,-1.1162619149404562,0.8775434777367321
12,-0.17549347419272024,-0.21144110429523227,-0.4476845898123855
13,1.137924790446907,0.4766963608384744,-0.20731491871827842
14,-0.3647592820310172,-0.2954591103044828,0.22479201173707314
15,0.9806006797386561,0.3163074292555758,-0.9630937717251443
16,-1.641746063287897,-1.2548138111806133,1.645677949065724
17,-1.3876763123526474,-0.8407346050245414,1.207002576528627
18,1.086115977568605,0.8618743801235728,-1.2741581136103903
19,1.133952337575518,0.4842633816312121,-1.139850617391652
20,0.7272977404161108,0.6886044270906521,-0.8426062591794187
21,-0.10288554669100533,0.14460638705402584,-0.40923947186441245
22,-0.07426913252917913,-0.6102059362077126,0.5829572742277042
23,0.21022489878011533,0.31199708274650717,-0.6343898073575862
24,-0.08859045215819748,0.22531147272121613,-0.22181037173375473
25,0.9751192863078924,0.4316342794280502,-1.0532674266576885
26,0.3108550215039189,0.14913258224436102,-0.44569078178895183
27,0.6918957640420267,0.24080258043355865,-0.40365636597944066
28,0.31720357927086473,-0.4086460103650629,0.2984316153013284
29,0.2240174938550521,0.9687071813113131,-0.5381800912587091
30,-0.14278558129533353,-0.061339386639732194,0.2653617623204986
31,0.2622180822324039,0.5882516279739421,-0.5459258089216017
32,-1.0093550083553775,-0.028289067864439573,0.3920763631800627
33,1.778111224452206,0.00472680283375641,-0.852823464622768
34,-0.23054612252491466,-0.3886227023182219,0.2537584571013144
35,0.7939473040906561,-0.5254856762174243,-0.28367873736391197
36,0.11851689654650857,-0.7926341333815231,0.03608328055462278
37,-0.049879232508538346,-0.47870911450780723,-0.004998252830694725
38,-0.7318336580336589,1.77147929594207,-0.5430354084102169
39,-0.06253039731571466,0.7242905662164241,-0.25638777757659936
40,0.49471935625410646,-0.13628708842438175,-0.1351940161327373
41,-0.21608573731163713,0.8925300569189059,-0.4008851577357706
42,-0.08859045215819748,-0.8503395496836472,0.6780102771897755
43,0.40116401740469304,0.680583838491523,-0.2598279122818803
44,0.4322938580524374,0.3418009487767583,-0.15873240284741547
45,0.5887979533631904,0.7971400166075011,-0.7581407408300337
46,0.037967982833931165,0.46359557462119644,0.18568671929288835
47,0.08814287207030626,0.21061291933296827,-0.16685936651010977
48,-0.3093169157633727,-0.5093840050824011,0.3113306693297492
49,0.2611243316556802,-0.0972632207267797,-0.2958546849679504
50,-0.5113284104587382,0.09785765107222344,-0.012815770875304998
51,0.13869105689593544,0.6561518283988526,-0.30112655390648607
52,-0.47156291513116483,-0.11461766926369245,0.5074701125519988
53,0.06462858827920816,-0.15036697198170987,-0.05783946939204191
54,-0.03768649843716004,-0.13861438899876022,0.0544344522322027
55,-0.06317634478067341,0.11426053866428723,0.09917042652714855
56,-0.024999443265402613,-0.5270103462035396,0.03194750827006953
57,0.1896398821072108,0.15108027133823795,-0.12634380338114115
58,-0.012617133317957782,-0.5141794130109066,0.6398254848423053
59,0.18830129029024895,-0.3263539446013797,0.18568671929288835
60,-0.26154865700425994,-0.4208053079675518,-0.056253013175237974
61,-0.00014524312155411896,-0.1282325495777077,-0.05680369018179622
62,-0.3449807707575578,-0.5218837113663798,0.3513996191365684
63,-0.5868836991174498,0.007539444491776894,0.18524314482342866
64,0.07728606455259758,0.32733448936889503,-0.1439631262128602
65,0.013281919338157097,0.5228916853800689,-0.23290477790362601
66,-0.16420687232433248,-0.07300982541490444,-0.5009503856620815
67,-0.02498300013982626,0.33883394297144104,0.031231854825863013
68,-0.37025048831271967,-1.2087409377324592,0.5622671239207327
69,-1.192487857831705,-1.1131855504702106,1.3571527640790448
70,0.8479444363211025,1.050998373020302,-1.1500687699690793
71,-0.6823485014497251,1.0924036030401796,0.7575930446763056
72,-0.42237698043612104,1.3648667424934604,-0.38623983121507993
73,0.9182056674906894,1.3373774173437274,-1.0377440974453125
74,-0.01168025526590246,-0.4074021793291362,0.14459264965265164
75,-0.4746727590496677,-0.7180351026623856,0.3971164083143867
76,-0.24051414090856793,-0.06049486111132911,-0.08180429063295763
77,0.9263551551079003,-0.066262169829838,-0.7469998938911574
78,-0.012424378931282896,0.525746454352149,-0.6161018042776508
79,-0.5461987308521189,-0.9204686781809366,0.5988814988971551
80,-0.6885392111989053,0.04475900953501098,0.7330759481676673
81,0.9968223563637385,0.06795682544833834,-0.7533131712650791
82,0.012659136943496874,0.425455623679079,-0.11281191270012983
83,-0.7735936300600429,-0.87849051690446,0.6619389597259144
84,0.1659365026617079,0.43404314620678114,-0.5396193860800296
85,-0.3115212932261621,-0.35224752385909086,0.14714849777112704
86,-0.3122009869292672,0.22368370820077288,0.23806222659717932
87,0.4074042091203867,-0.025533580924118848,-0.2745802898799491
88,0.03866111514605558,0.415468005865695,0.1474260935756927
89,-0.012397950411874768,0.04376797726786391,0.2609192852686091
90,0.21366332584419284,0.8847441790336411,-0.5094235325889857
91,-0.9487153152793976,0.08725305881645104,1.0182506704175844
92,-0.1899975681276053,0.49995178250533473,0.16784015150395443
93,-0.3253990837144409,-0.25285620686205873,0.3802508320603372
94,0.5206817135584432,0.30411691587623757,0.031231854825863013
95,-0.33605533500361756,-0.09935380020558078,0.3170750565680664
96,0.45258801919428326,-0.09938410678559682,-0.7155068881802619
97,-0.2508673709947966,-0.24729422927957895,0.14592063809126754
98,-0.4282864295532411,-0.0883695449563943,0.14577016679657398
99,1.6093289600729979,-0.30629530300095426,-0.24721850621699415
100,1.1409717721353942,0.5033552128960718,-0.8840769144086457
101,-0.10055490305946965,0.27596986295326503,0.3747962756223018
102,-0.49439172800466963,-1.108743674342559,0.5843767281772295
103,-0.661845213335204,-0.6209436648301456,0.48606445259951225
104,-0.3593645189306394,-0.4651403700318507,0.5880537838062885
105,-0.027383041506625752,-0.15816043024648557,0.21120620343267688
106,-0.23306855125753828,-0.9694829246752786,0.6589536786906621
107,-0.512091519014215,0.00446848967004327,0.7082397625725735
108,-0.3509051945380468,-0.6747021385206067,0.8155711999575549
109,-0.6452815150121164,-0.5915288237626001,0.41238621907663314
110,1.3352427150712458,0.7644129085831027,-1.367528770174451
111,-0.02795145533705596,0.32428152581241615,-0.46728562480214236
112,-0.4344064531391911,-0.16058947535238785,-0.39521162677719285
113,-1.289214812250635,-1.24940659127551,1.1050728887050019
114,0.3044309182819603,0.3273190712672039,-0.012373774005543448
115,-0.9739739532695297,-1.1798566937306538,0.8400549238242015
116,1.0460699428205733,0.7127702560081999,-0.9665771795643632
117,0.7669829927594567,1.175849434260998,-0.48624383247524855
118,0.9210270019275202,-0.0785907930635616,-0.552534343151912
119,-0.4227762457790012,0.01129545662132764,0.4057712543928892
120,0.5002659200792883,0.7957653065575311,-0.7773079602053306
121,0.22215149314461755,-0.01338876602842939,-0.23420208613754645
122,-0.8191150502689224,-0.37663758592867663,0.4148942374087282
123,0.06923514977401016,0.27191080183461375,-0.18681555559725543
124,0.008333713798082974,-0.1829846881896659,0.2636266643907757
125,0.4671459765592681,-0.1193337145769375,-0.25766794061506654
126,-0.9027723010395249,-0.561785262191593,0.9451804956277517
127,-1.065865232812935,-0.6068920039755398,1.1055078654939479
128,-0.026699598784562358,0.19045783038046185,-0.05728333573299271
129,0.9113849054792602,-0.4954716618637641,-0.6424901780216872
130,-0.40317960513932827,0.4308167430174324,-0.08433160229413172
131,1.180505491792121,0.5468011494402998,-0.937532153029521
132,-0.4921033239826621,0.5465162481973821,-0.0676438314468899
133,0.883619974817451,0.8418180047404757,-0.5780066110471832
134,0.14740799616811529,-0.41203527793565364,0.4203606765932759
135,0.7559583878600278,0.8557748782119949,-0.9228518359561908
136,-0.421547012228502,-0.054687068103807815,0.27248763836481826
137,-0.2040646884265812,0.29877094244758506,-0.1252454614418885
138,-0.40254084635892956,0.030734955565365978,0.45003820874772543
139,1.0977904494602007,0.3176084480850421,-0.295289303122362
140,-0.17984752130599674,0.12017737739018122,-0.2995713173983187
141,-0.08859045215819748,0.0073300468987483975,0.17754341895570752
142,-0.07706945274568609,-0.46171467060380866,0.36606044280116484
143,-0.42901928635073183,0.07565539308496075,-0.05004544835009726
144,-0.04225125671277546,0.35217524314684856,-0.34829035925886004
145,-0.40970299002807636,-0.3266860989213936,0.6831316304298906
146,-0.19215148020165118,-0.07158641844993192,0.22407323971505225
147,-0.833611518302397,-0.5282550670228818,0.7949151541912244
148,0.41344505693234584,0.13264299231365712,-0.6399699340013232
149,-0.40254084635892956,-0.1280157906205776,-0.45398537938558786
150,-0.08859045215819748,0.2750486963243785,-0.39506781342035185
151,0.5135564768734558,0.6141218880530881,-0.7107579124461426
152,-0.3154839021887672,0.5116626138245932,-0.21494433810383531
153,-0.11188058473142706,0.011831754783417461,-0.13815009628737152
154,0.5398897925532488,0.29286828340883597,-0.13961222836196863
155,-0.6858234655327263,-0.321307976800307,0.1769090682790948
156,0.016836976718730908,-0.16963479089928984,-0.2600145961219166
157,-0.2828632506885729,0.45148951862681896,0.3612414144241029
158,-0.12358502906187066,-0.06016516749162898,-0.10678761495553674
159,-0.31666948531550604,-0.1689475469262733,0.10389345806393913
160,0.41224862782775096,0.06639018195587645,-0.13492611564381218
161,0.16753060299426226,-0.010714183765127085,0.03575469312184734
162,0.5273556207687606,-0.11479116611489289,-0.5459133799117245
163,0.09600976875148691,0.8260018610364911,-0.7715700117412796
164,0.5496180383643833,-0.022254614902074518,-0.017336507139875224
165,1.1744370561382902,-0.04927582433528792,-0.10511649161131037
166,-0.723386985429382,-0.2248662488741379,0.6933867879891783
167,-0.5834842225864151,-0.20438032565693273,0.26297712832419573
168,-1.0261965698846403,1.7304134063084091,-0.5400920212571877
169,-0.5281637618379412,-0.16629322608442307,0.1763595061762572
170,0.47680919092420276,0.22453215373605684,-0.19018694803371178
171,-0.1343538028202614,0.5231385354451268,-0.039840147332964676
172,-0.3235296423754742,0.530720740020713,-0.27148400895403657
173,-0.19145026107437219,0.1989912218222016,-0.07128808612688235
174,0.6692169942864231,0.403646985682203,-0.27681672095160903
175,-0.15670082639504412,-0.2020083992710415,-0.23001341932303848
176,0.6628313157328432,0.4952190405600752,-0.4501967014657539
177,0.18361923305869998,0.7008271762043417,-0.245688175842773
178,-0.13371201554293796,0.18305245421644348,-0.4499108476034388
179,-0.09992709577321868,-0.13203341467593122,0.10043343438301278
180,0.025101657107659624,0.125113176993253,-0.31458187631571094
181,-0.2337131205006381,0.4033737554950721,-0.3931034765770944
182,-0.2339867378534656,0.14238209291627035,0.03620446455241067
183,0.20567756047210242,-0.32462161912727583,0.4177308839768057
184,-0.08859045215819748,0.008117892603448156,-0.10099201960016421
185,-0.5026595960105734,0.0755078718367269,-0.04500966611475217
186,-0.3637808705949483,-0.02578113935873656,0.33224076369165934
187,0.850745385663255,0.9892620508477318,-0.8079342050095103
188,-0.9348868614265847,-0.4254649568520591,0.51238659953839
189,0.18496355863528152,0.3251001484153468,-0.09611435451608055
190,-0.06582341832697279,-0.25784734016304256,0.2681451730057121
191,0.059756780182732755,0.030505347786958754,0.25171643250089915
192,0.5434250519787858,-0.29383306252879726,-0.09501113615303092
193,-0.37104032561077677,-0.2043919299169545,0.00299894020978346
194,0.13745911880574058,0.16296732772848574,-0.30563014383972575
195,-0.329570816887787,-0.02626390580891778,-0.10680868079042194
196,-0.4132028342060914,-0.1533349180323115,0.32420896165356966
197,0.29253098610710976,0.5855440929402649,-0.48094255468248465
198,-0.2114372129757817,0.05329947731690379,0.11871535960401813
199,0.1712345858805747,-0.36938203401407127,0.16819784626525147
200,-0.02080377037040774,0.5817050189834538,-0.049806860573928004
201,-0.7852285328156162,-0.7085864498292114,1.05106218254122
202,0.7429079576054907,0.6215119555906056,-0.5093813525254804
203,-0.2653156508810471,-0.2820112359185043,0.2984273678052252
204,0.03577239158508511,-0.1842180833308763,-0.12031786884650808
205,0.04687154321537212,0.05784964194146794,-0.07197186865948485
206,0.12507166207789025,0.998643749859493,-0.4936907368933135
207,0.1132963019651677,0.09189788660216426,-0.33111976671523535
208,0.1789883973069748,-0.14100606631218848,-0.08613233575646412
209,0.07874897929468389,-0.17705544316683888,0.1530794798358519
210,-0.4178220235706781,-0.03631761197370961,0.12772505106061952
211,0.11253379895156645,0.4163610583486255,-0.06911271909219346
212,-0.2741655234867245,-0.3814726074365442,0.43461072758709113
213,0.10142347532528335,-0.21698923379234872,0.025922992938864138
214,-0.14399153735808592,-0.19959141876125136,0.1273365261791694
215,-0.25290389243825745,-0.13240680756297724,0.04294131305889428
216,-0.14415062851720542,-0.6764483661030909,0.43814886385500373
217,-0.3587708586503655,0.024463560588540413,0.4550137623173567
218,-0.3905104566141659,-0.38786994887638254,0.43006761305730556
219,0.48222256699515187,0.30250852010703905,-0.6388123875387864
220,-0.18825333370227673,-0.33744961312016014,0.20012685341824218
221,-0.45959714718859024,-0.2911052214192398,-0.05741722111529422
222,0.4129079133063209,0.6792998261086063,-0.6220420089073417
223,0.7911186665416399,-0.13287966678493518,0.06827843372008707
224,0.9387667698719591,0.5366676791040574,-0.8760663299739541
225,0.3265559845557181,0.34290750823741095,-0.5686389049384104
226,-0.18468592500059164,-0.42222646623297144,0.1930648827327739
227,0.3743876740995964,-0.004200026577455579,-0.45034394545385065
228,0.11522723904164338,-0.11855095882746233,-0.09951415212137821
229,0.7976964291314073,0.9878737664831079,-0.6617017784280586
230,-0.2032944219100259,0.3517955512784727,-0.10512711473397976
231,-0.31495500832803747,-0.2517439063769193,0.3665971295526923
232,-0.3648548494064628,-0.28628173934237094,0.029350313053647145
233,0.11361781728333498,0.8520246868963853,-0.2549987147923141
234,-0.15187006125759198,1.1834916346281639,-0.13547311235094098
235,0.01782119787671277,0.3553941329397317,-0.25123638248166574
236,0.19647684561651863,-0.35539834340057747,0.027931697385914958
237,-0.8421830544392196,0.48392128447239713,0.15415528798635988
238,-0.17346804517060563,0.744663198382316,-0.14866083002231215
239,-0.03498742240273865,-0.2209593547071718,-0.20866220747486297
240,1.060316935536833,-0.15129301488605898,-0.3069153723480994
241,-1.3803188230330485,-1.374056071941617,1.3628402781989626
242,0.16046857014281235,0.7985526068219718,-0.6718182355488204
243,-0.11016868228774059,0.16889370369131457,-0.3126474810630356
244,0.6616224799039928,0.33569432800104704,-0.6600727850306628
245,0.15698929903188596,-0.13549939803280076,-0.003053380112678217
246,0.00749724403026057,-0.2480197223503654,-0.3558661473203572
247,0.7218533780958556,0.1719261340266739,-0.6558301313611458
248,0.2651531407274469,-0.1650266148143258,-0.09021246259919707
249,0.370763923122309,-0.028951255225307507,0.0035759931348950252
250,-0.6255286748059973,-0.4245650504341703,0.12869059660868262
251,0.1830569669421834,0.126146923773131,-0.3262567573688808
252,1.180306070464264,0.7810618594414189,-0.8369784284362218
253,0.4241890503259141,-0.6295830108027919,0.09863475841206787
254,0.15414031377315432,0.16692252683627948,0.4320533711008663
255,-0.21815256273343758,0.3284735728915258,-0.2886402399455195
256,-0.5053226038496472,-0.2135351185415672,-0.033045013564879606
257,-1.2367364493623911,-1.4710418616793381,1.3471112285597955
258,-0.6015474735564367,-1.1480238957683275,0.5579574291485352
259,0.7274037171121033,0.4504211453517763,-0.6138133722651266
260,-0.46125380786417086,-0.6284326056026934,0.4473625194658604
261,-0.45401342342319484,-0.42867783746692895,0.4764466105850058
262,0.016334317648259655,-0.8181777717205966,0.4303619549041365
263,0.725382099183496,1.2184956325935845,-1.0785498610830715
264,-0.9009658251043289,-0.5952924633013511,0.6821112960709186
265,0.2836195251433762,0.3269191630368658,-0.7313515233579656
266,-0.09898972245273313,-0.1621684527720795,0.08727326618694783
267,0.7804003621936075,0.23616521529089135,-0.26755741949287243
268,-0.7057950084622068,-0.25768625022023345,0.4654973556671826
269,-1.106876108108283,-0.8316258229773682,1.1564057763554356
270,0.5048176999599879,0.7723041894009187,-0.9727835178627602
271,-1.1087405987353018,-0.8479464617420563,1.124180248790765
272,0.37025079897511903,0.10114479842642313,0.15461445672666763
273,-0.7820857256380044,-0.28665664895786885,0.7850843504767316
274,0.771921357469845,0.21389895725131003,-0.7126483911034559
275,-0.5842261122861094,-0.6128327047289658,0.7441090249440033
276,0.7534707700645612,0.5642384809767534,-0.7663492448386154
277,0.4396229629537324,0.33735622777454954,-0.541020914032257
278,-0.07814428991654247,0.1579993604056972,-0.1761048823756656
279,0.9200545139252683,0.04047415074413881,-0.8786290607770828
280,0.5163805149902055,0.7430766518673501,-0.12450500170554535
281,0.8071232545183877,0.4809133321407467,-0.6129685644427462
282,0.46159149557627055,0.17407170634945912,0.03335260366676166
283,-0.13823980985508733,0.17329063043051818,-0.5149128177766608
284,0.4494356820196578,0.3469369964589447,-0.47854441644416496
285,0.2644774106907147,-0.3411184756162315,-0.05948652847717154
286,-0.48756066876939974,-0.08531437682233328,0.11067224812106691
287,-0.27333915548381615,0.6606274213604516,-0.3163678754456096
288,0.4732390133622167,0.22418360641972274,0.28711797115694315
289,-0.22487235143352288,0.25191286131542256,-0.20868459023428085
290,-0.830561950298718,-0.9978228151499284,0.5658196779306837
291,-0.20728483476311818,-0.48736231090541887,0.19887469178455522
292,-0.414441097634061,-0.37971702676557356,0.46920264651073096
293,-0.20800964156719026,0.4962928095083368,-0.14650144276887908
294,-0.3982530592734542,1.5614787511099253,-0.1703502723463151
295,-0.1988150777295563,-0.6399637270540105,0.40396156436020136
296,0.43058599631443406,0.2865644016251005,-0.06899196771552772
297,-0.3610994147554117,0.8080407621806518,-0.4835995816747067
298,0.2999990197343515,0.4477168341571523,0.23270073755425955
299,-0.3973965717112039,0.33845566247264364,0.16646538848868514
300,-0.9479233846123301,-1.3386543246754063,1.271326069585624
301,0.8625079436079041,0.7421005266052388,-0.5897595935721895
302,0.8521010843247584,0.7906257550564233,-0.9244127659962698
303,-0.06859812972825083,0.6041821138024343,-0.0026327233876645272
304,0.33317504107790646,-0.31196876377609806,-0.07145401862529399
305,-1.042486916533022,-1.0077002141480433,1.2338998940028296
306,0.002563708783648362,-0.20302519113471273,0.17207772433205598
307,-0.4167363661174137,-0.17479208727805304,0.17179811094003336
308,0.8035547047874565,0.842827897825481,-1.0288329676469032
309,-0.5013308773305184,0.02786649267634677,0.39162345434326273
310,-0.11870345183760864,-0.33723630902999907,0.34988139177044447
311,0.04259145628036357,0.18790554825441888,0.26783432339306107
312,-0.0785637170310627,0.5597114252205853,-0.1853880268493791
313,0.13248349828071096,0.49864333557598856,-0.33566558334250035
314,0.7616077712629589,0.12298568411874296,-0.843714618381609
315,0.608114433057318,0.20546476267540603,-0.7345341617372196
316,-0.7858065628136881,-0.0346204702016087,0.0768442277233495
317,-0.4018258883156305,-0.7335914644704488,0.7677200698482876
318,-0.2927113573890182,-0.12345292965802293,-0.1781784149889584
319,0.7447417418988971,-0.311485770809805,-0.145481368387487
320,-0.4266921578155081,-0.907521643872641,0.7257333322029323
321,0.6236687409853808,0.908416412650068,-0.7984772622652293
322,-0.1663284144961043,-0.3083144501060183,-0.2073092054995731
323,0.4144790884931155,-0.513591572843581,-0.030975568116218412
324,-0.49110948758294226,-0.5694211486944265,0.5555013366778271
325,0.4226351812754049,0.5616560740950478,-0.21761336694019304
326,-0.23230416653401198,-0.5160681488805858,0.18198201393228444
327,0.1832262053475488,-0.029762126888040277,-0.08979344860765046
328,-0.539081786878612,-0.9238736055465996,0.3481170888838185
329,-0.7159933345667557,-0.9387118855148127,0.6017628954174065
330,0.10882208340297812,-0.6296264645688991,0.16812442381652057
331,-0.9824253822140857,-0.5817647404995042,0.8402537582430999
332,-0.08859045215819748,0.8756421265588809,-0.13689524340764106
333,0.47555578395229925,0.3973833527084804,-0.7049800335605543
334,-0.06875791152459777,-0.4381588623091451,0.14559861507774863
335,0.4966778554158161,0.2994422711788288,-0.5747447899303149
336,0.02956783314905665,-0.18576266146868928,-0.01808555251730603
337,-0.4168159646693745,0.22937191950778232,-0.11387040542422658
338,0.32760064776088915,-0.4558531862877017,-0.018953322089008823
339,0.9437569922889344,0.6762310953090068,-0.7337277685882443
340,-0.059683589892483,-0.09275810329494252,-0.04692858926763923
341,0.1896941828018858,0.17329400921439028,0.1622316029357134
342,-0.08859045215819748,-0.029309154113206507,0.01506471365667425
343,0.03639528546788958,0.21756948685174163,-0.20778215207915898
344,0.543349712956108,-0.2806480677012455,0.2698363504993656
345,0.2591343870522813,0.3519242428248918,-0.2806835857396249
346,0.06284408252464314,0.9198010700996554,-0.2484371115568418
347,-0.14486333353933,0.18699921174358475,-0.024861613703109034
348,-0.06973031083515249,-0.3364182900343632,0.16452507692738672
349,0.19325249753942766,-1.1415654756002214,0.41889529242678164
350,0.6791869104575969,0.05944679790800653,-0.17446242750277646
351,-0.06999189323161405,-0.08835177002984473,0.6138459314757665
352,-0.060779636433116194,0.328406910943312,-0.09741187300557502
353,-0.2971064891502062,-0.3344604411122335,0.4344505040777092
354,0.032675841317664815,0.35471105923882856,0.3456631151738196
355,1.91121429906128,1.3734163190780044,-1.4908660829782943
356,-0.018618233311587046,1.054296569542434,-0.15102059504674695
357,-0.6463310009016221,0.7424828541886943,-0.2582908805728666
358,-0.08859045215819748,-0.7646351969077813,0.1173026817995779
359,0.6189549061907687,0.40855311319125254,0.24823538355286454
360,-0.010095764264655804,1.1557787301327789,-0.7301000613451184
361,0.19729678825964062,0.5635102543951661,-0.2422168523393519
362,-0.2588459455279247,0.15629900937284197,0.03472176972846112
363,0.1628493198632618,0.45799930768062896,-0.3262608277912965
364,-0.47268889361261457,-0.18777233293256793,0.5464253823424675
365,-0.2762307552550326,-0.2679577083099681,0.06286641495495435
366,-0.03616083574592712,-0.31105552090222144,-0.035690382333518456
367,0.016263534485934317,-0.8625597735587162,0.3932838107246652
368,-0.6069744304265035,-0.7846809735385856,0.5158077371527975
369,0.10564981854674811,0.6528137742147345,-0.9319521688498678
370,-0.70931562224231,-0.4032496757794604,0.43350231886306584
371,0.027124992946088243,-0.1201919751600633,0.14645256398184991
372,0.8235396540528569,0.9262593773817974,-0.8101000660642198
373,-0.5785504293257906,0.582290427202674,-0.039840147332964676
374,0.043806995155399944,-0.05092992092639127,-0.27148400895403657
375,0.429361335953043,-0.37258261039945717,0.1206972335067775
376,0.705263137348878,-0.42095947758924285,-0.1595420720731591
377,-1.086257752845801,-1.0566512495965383,1.135798722827021
378,0.5903788352754482,0.7454532619999719,-0.626878445857397
379,-0.010220862010103679,-0.35028295925667446,0.43775105456409746
380,-1.5987157458566805,-0.5019739156256918,0.9091032976666302
381,0.3612839700851179,-0.1165081016287331,0.007777802725189336
382,0.8313313731612632,-0.29304122521905,-0.3197572108192678
383,-0.33744198572622636,0.0662536844781996,-0.2579622252095895
384,1.0643032652012177,-0.03523912265197564,-0.3153662676011372
385,0.7400306009599706,0.9573234045954964,-0.6251507482013342
386,0.21043747602619922,-0.40702578689748853,0.22014289630957065
387,-0.2812251896723757,0.16316476658951032,-0.0992943835706831
388,-0.6046558072011858,-0.07379489326017237,0.14938464514930458
389,1.2357380516726912,0.5643867977932817,-0.8281812324081165
390,-0.46338081128764885,0.749733024060211,-0.669335176105554
391,-0.5231785224586131,-0.6717639803879951,0.5480766186483443
392,-0.3448147972418653,-0.1260485617509516,0.2115524258352923
393,-0.10565158308413468,0.1930731634249137,0.09200498522050332
394,-0.08005196872677954,-0.054687068103807815,0.1816463082398897
395,-0.18192305479100943,-1.1872703594668876,0.5271620582442176
396,0.1763923226602567,-0.043103243351857085,0.0768442277233495
397,-0.08003088456702896,0.13033403251758288,0.0018601501802353558
398,-0.23994530653262405,-0.6791445803274945,0.5675423786805246
399,0.25878788444984907,0.9016191108403018,-1.120741859215831
400,0.2490990213958692,-0.06617053064439984,-0.7489404975115921
401,0.5217243571598199,0.24759664987940258,-0.08400695581813697
402,0.7238023899538967,0.6257285261588882,-0.7603282583053351
403,-0.0137852860550182,-0.2930559534210226,-0.28581044175567766
404,-0.13808397425017932,-0.06223609501664626,0.06009457446785727
405,-0.4065068658659682,-0.06978122901638484,0.3024454432167205
406,0.12812275505044513,0.3116919514381013,-0.5391266897479209
407,0.9487068904340105,0.572821943515308,-0.5501854376895459
408,-0.9188346423020828,-0.37566714863910644,0.30994699143682247
409,1.0648552823605415,0.8493932823302305,-0.7935748263912753
410,-0.1209497331847698,0.004230364652345859,0.04124832695801164
411,-0.1692091868623423,-0.33871012018957314,-0.2086225574095423
412,0.9744347935089104,-0.5486235424996866,-0.7981439904542458
413,0.1429690979905734,-0.039795251573121165,-0.6410540760528608
414,-0.15192005529310793,-0.8934042365259236,0.6071841829850017
415,0.3114833090199904,-0.9624743786035603,0.1323490400462109
416,1.0078568215619315,0.09926243587754344,-1.0180621140679156
417,-0.19641101630735494,-1.0552844285937975,0.46997259621922655
418,-0.8562632465671931,-0.42297845528505046,0.6906916529955824
419,1.2049929648040458,0.12651965204954868,-0.2425294435574322
420,-0.613960005115769,0.08304247182830665,0.7214169100113166
421,-1.3412546554517073,-1.5468365201739986,1.2133657038160746
422,-1.6614882746534045,-1.1772042048936289,1.6171365771025474
423,1.5306685441973615,1.4785221256724137,-1.4109618284155305
424,-1.1110520860274422,-1.076809152727294,0.9469983440784541
425,-1.8195048976274817,-1.2409804910992215,1.6636193527882597
426,1.5197795704035526,0.6662749632101654,-1.0732101101881304
427,0.6365806534431395,1.4534428461938174,-1.177838370895304
428,0.4630011708843943,0.5569412210600191,-0.3236983681969393
429,0.8802060796990447,0.9208292527210038,-1.220907766939062
430,1.0689016957183524,1.3288246177453609,-1.113015479016955
431,-0.5688530845485542,-0.2634471710128502,0.33889658767791486
432,0.4612430941278183,-0.2713462193931692,0.0038823949638546705
433,-0.8884092300627949,-0.3432879212583079,0.32095819078914134
434,0.10360707978215,0.46795943618884905,0.02250239037917457
435,1.2326702307999393,0.8826710187479756,-1.2198976792873404
436,0.8254215511270634,0.9670997073984675,-0.9317532557585388
437,-0.866516499107245,-0.2636867812695226,0.9334398298264838
438,-0.4085152447570655,-0.15363195591759243,0.5999970266791843
439,-0.7197070976638996,-0.9508473252185384,1.0877139996516951
440,0.06934941300970429,0.3855086635548083,-0.6798557018254442
441,0.36465843853742763,0.17231061715296336,-0.796274313997111
442,-0.33154956854077494,-0.11037119264522319,-0.3402003650006559
443,0.3273076282536548,-0.6050560860105733,-0.15760361261813327
444,0.346715272362092,0.6024343005382231,-0.4021678535251178
445,1.1371324715940896,0.8747860393045787,-1.1911201235126345
446,0.0860315154396625,0.5386833003300804,-0.3788069608872051
447,-1.2879831321894701,-0.6223144180588458,0.930735197696648
448,-0.4961915044394954,-0.5653054136818381,0.1381960228015635
449,0.16820807581648223,0.02292217018801205,0.19818908596090265
450,0.23541563070510116,-0.2814343857736164,0.2942583055426495
451,-1.0837974113610882,-0.8687781438811655,1.2524421711938623
452,0.10072136920404715,-0.07719943676107428,-0.1543674078229617
453,-0.5603050457487817,-1.1133269450765517,0.45963496391820824
454,-1.412312294860545,-0.823472968129007,1.3455055606427089
455,-1.4118340310744528,-1.127546709090757,1.3899465180620538
456,2.0257115106696304,1.5646074603187146,-1.6665685383888056
457,-1.7402512543920252,-1.1942828877949934,1.5128374209056512
458,-0.15363170478951962,-0.6901031478335822,0.8854560001514034
459,1.0923294161821766,0.43708300356678426,-1.1484623278815167
460,-1.4373925054402013,-0.4605107240585745,1.4214291117896884
461,0.7765408025120415,0.5693877393761106,-0.787027718323418
462,1.337278585679189,0.9449007702021228,-1.0662626561282427
463,-0.0489645046165336,0.3866890793363878,-0.39687588976328303
464,-1.255402732328612,-1.192676010692845,1.3508552432301733
465,0.34077647295873437,0.5517686822747875,-0.5157176376506917
466,1.1664940825162655,0.9342827058673535,-1.2804962463887872
467,-0.7798752933022048,-0.3514581804969816,0.46874539031046597
468,1.0073545117986753,0.5486772587996548,-0.8283039636983817
469,-0.45899244006705003,0.16753259884242605,0.4611345573868182
470,0.6876835909068734,0.3454563743331676,-0.565349489319823
471,1.0618221462285904,0.7358527380847797,-1.2747642493157418
472,0.19222078382569316,-0.20066040215591896,-0.10040678878961515
473,-0.3318745282120201,-1.260583335178574,0.7270025546859112
474,-0.8079202189355279,-1.5081876536260819,1.0805965744056345
475,0.1803024851449001,-0.24204718419335186,0.3713228204468392
476,-1.2588043933877522,-0.8149156065933604,1.2470391868338924
477,-0.6594587330296959,0.22945776291518988,-0.04345212461417976
478,1.095595868352871,0.17367707385016884,-1.2408897317792085
479,0.9190310341767991,-0.7139442230053481,-0.014882357866594878
480,-1.2768962096414318,0.9091752833540712,0.6553556192098233
481,0.8876027086607801,1.0759131105301356,-0.80846594974611
482,-0.9917533497643386,1.5161105608300993,0.5408747929432817
483,0.34100486893907733,0.06479640918985848,0.11308263768484869
484,0.6810950335649465,1.4355087251118952,-1.1888942876473736
485,0.6567758986639417,0.40419294266540046,-0.6356120538247191
486,-0.3884312776014989,0.25772069844209394,0.1934297713903633
487,0.6921495700191779,0.39291776222806635,-0.8466752236705128
488,0.5930748249456727,0.7592592893218878,-0.7540833636215878
489,-0.24313872728043118,-0.29854055480546443,0.15991058283493592
490,0.1582620480217591,-0.20634747140741275,-0.09198626960748008
491,-0.5759616564881216,-0.5953026908417752,0.8797558136708131
492,0.10047190314918271,0.5209396152205878,-0.5086310715059674
493,-0.7288362409946236,-0.44744560965812563,0.4425561339149828
494,0.048678692562194516,-0.28827214764830955,0.5050848235026701
495,0.7478728333828127,0.3954959946534535,-0.43498619449984943
496,-0.16306678463538546,-0.21729519735145222,0.2178393260260257
497,0.6976319082455307,0.35579235610784665,-0.6560838347948654
498,-0.34046891279908115,-0.1277436193146116,0.139327236913879
499,-0.05133910616285108,0.09584338811298658,-0.007456935631664484
500,-0.34117116373992395,-0.28637122811255034,0.4462676142113132
501,0.5688747944629686,-0.1932908519789801,-0.5687830394960697
502,-0.16933695857341385,-0.27112239923555626,0.16073597672677695
503,1.0453951229916496,0.9063333651696885,-1.0592563210307373
504,0.5174446757943151,0.46787689099300517,-0.6728477849877771
505,0.28119200699554525,0.43176168988548913,-0.19775355999416924
506,0.12632122818778485,0.17256662145725457,-0.49706745298617755
507,-0.9927716164588827,-0.2284507569737846,0.7036887475084037
508,0.4363147014798458,-0.5957395111672128,0.09965192175353799
509,-0.48209887121844297,-0.21391804974705234,-0.15331514490515366
510,0.09994347352509707,0.30010014531256907,-0.39743472213031394
511,-0.406933994842657,-0.5505119619261591,0.12334618914905954
512,0.31816671556562814,-0.020115341599106305,-0.7829364578971545
513,-0.8634656460379492,-0.6535224380999097,0.3731164341700134
514,0.427043599571711,-0.0895000833822984,0.1477860642861373
515,-0.08859045215819748,-0.9020066576590599,0.34877544165211205
516,0.5935127027195517,0.2297609615240507,-0.56827512296413
517,-0.5714297559939236,-0.4046346678475356,0.7643535578418307
518,-0.5744691436553425,-0.24304784800616325,0.3669732327944229
519,-1.1554184520719468,-0.8529484335963116,1.2632755976187182
520,0.40901953387873624,0.6744311942601933,-0.2521562295533055
521,-0.9860274765830327,-0.150423197967754,0.9720356317112115
522,0.6587354071434018,0.40657378673974837,-0.6492064305886235
523,-0.10339167200432005,-0.1915957837538151,-0.07740311310310453
524,0.813058353490748,0.6157974504293814,-0.6006810302438754
525,-0.7084553167892441,-0.9473339596276049,0.9163438141346311
526,0.41911454436743356,0.4505073307925824,-0.8999649340736493
527,0.8052473123071676,0.7401572712629341,-1.0197042997178982
528,0.39646032463670833,0.7411576892510172,-0.7426699629606566
529,0.10561512002309903,-0.1337304994610031,0.028066337834974524
530,-0.1879807489981547,-0.775636263236119,0.5356085671295133
531,1.1144475465544221,0.8590177336175279,-1.1155031205932742
532,0.6978234876553779,0.04888031072102757,-0.02474459352905584
533,-0.43251698644284314,-0.1975290824450961,0.3195551110525524
534,0.587683669540982,0.13129123570094064,-0.5225203647775055
535,-0.6105024917940531,-0.39930112971915127,0.2753797003386535
536,-0.5524989713798132,0.43508383136126594,0.5340777402949766
537,0.9753674947121239,-0.20382633560790495,0.12664476221762655
538,0.8951459360136153,0.0038737516823563597,-0.2241552598249767
539,-0.29396267034523926,0.40532300042188646,-0.32403278715212563
540,1.343377340070507,0.5261092006956657,-0.9854131248041926
541,-0.7766682459287504,-0.2567962188870524,1.03707161289165
542,-1.069849307166242,-0.919316137538557,1.01208488095329
543,-1.1991830942602655,-0.4061499829253726,1.0207166985810108
544,0.3910207828425923,0.0771830526532713,-0.48955140052680846
545,0.04968315331779414,1.707838161233661,-0.37211389442377213
546,0.7102804585244369,1.2333440929639516,-0.9514900576932611
547,0.2290200576300948,0.1355093390621905,-0.2032421243368244
548,-0.027535686939354334,0.2817054501502338,-0.48936767270259257
549,0.4040028401064584,-0.6096524284238543,-0.23648016152397475
550,0.3147926733642382,-0.010108735092517376,0.023978877969756965
551,0.031992261130910686,0.4402569889847997,0.10312980006503905
552,-0.5072496020614674,-0.24724137358158604,0.6787510757374547
553,-0.5762618648490062,0.35849094416421917,0.17852466130204805
554,0.7278268579122452,0.22033797768144436,-0.44710004071881193
555,-0.9016216687138989,0.0991627644812344,0.9028491354066762
556,-0.1021542367791786,0.7739483211429424,-0.15197778372581314
557,-0.12922349530174254,0.9737440926863591,0.025778572729586356
558,-0.5373869113246548,-0.6278813852269429,0.1525294445501559
559,-0.6386992682864134,-0.18177434888111207,-0.2536197077288037
560,0.6036509158475023,-0.05163070046501994,-0.2817792408218318
561,0.250224931586429,0.080157756630879,0.2292490394875438
562,0.4601983265987578,0.14952537500352397,-0.7142577692238384
563,0.6529980674274756,0.4610183518674896,-0.7497788537788099
564,0.34327031039864486,0.45212790015221127,-0.06117980457443306
565,0.893627720740537,0.7856513668105207,-0.8742251816326532
566,-0.13413624961903328,0.5135018150222321,0.2705229257374875
567,0.15946196898714818,0.6339442318465754,-0.037373831855390414
568,-0.4702312547450527,0.15585827033933317,0.46902532797095764
569,-1.4058623653962932,-0.4587694406669131,0.9824626631521477
570,0.08034587062431457,-0.9187927310732175,0.7419774053542985
571,-0.42874218811119613,-0.542693558635768,0.37540819577480766
572,0.6387214198431398,-0.794356286196726,-0.1852011073172581
573,0.9382324484078634,1.133601581157446,-0.5885906382773209
574,0.21883985739583015,-0.7516482721703892,0.3576902857031044
575,0.6348166777918531,1.1023710892535459,-0.7508332147376676
576,0.20812108479831654,-0.7039895529473336,0.2888842074390496
577,-0.7732390316475733,-1.2191791436879937,1.0376871885477554
578,0.5659861185860424,0.05428028361104567,-0.6643762155317818
579,-0.8916604223500156,-0.015428899708608234,0.18249273863334092
580,0.9271483611839608,0.4252934252921508,-0.8216414951540993
581,0.34690405282818365,-0.6771498741437891,0.5667234969315457
582,0.1733998242556662,0.7625140823297154,-0.19583845618775805
583,-0.22710718761477333,0.3515759156488805,-0.061056176211424534
584,-0.37813052391636714,-0.5373006297799853,0.0685480600150897
585,0.1866078747638106,0.992941484210655,-0.6793125971368561
586,-0.11409218166718559,0.17552659131951587,0.10514955763493894
587,0.6403748519993442,0.3748835764437365,-0.09478251063335644
588,-0.369579078190626,0.4970185337789859,0.24376854937885803
589,-0.07588464677947103,0.6633147604894749,0.04840445295218288
590,-1.1736560761246402,-0.9531043988999095,1.177871132064289
591,-0.49118061665712526,-0.9045571338104559,0.9581349468502254
592,-0.8013645930308299,-0.2054272555892957,0.5607147561862181
593,0.7403469057222632,0.7397800289607346,-0.1539940434970182
594,-1.860158341747667,-1.590932095350787,1.68638101064363
595,-0.25794271401974683,-0.5820858544821774,0.9326603420185751
596,1.463174706742609,1.3712885731404936,-1.4624685630342644
597,-1.0802571711274418,-1.0761709466874443,0.9614179791988757
598,1.3962738306930544,1.0399640935159322,-1.4730327343698773
599,-0.2759654821859235,-0.3301670612408623,-0.07499936679312433
600,-1.1501694469599246,-1.133626463383933,1.296453284366258
601,0.019558094260133253,0.7980889487399222,0.26053228659368477
602,0.5293309413174542,0.3377478492277902,-0.42716843149141215
603,-0.9190554070315191,0.5259256746008129,0.3914035066548892
604,-1.848643552435615,-1.388433672417835,1.7188668901259494
605,1.846117401862135,1.035663814613662,-1.599468297618975
606,-0.8473247966223055,-0.8932157179678929,1.3410876390747204
607,-1.412044696243926,-0.9935911354394136,1.2076846280129443
608,-0.1725032560289328,0.2694326511190405,-1.0017826073425722
609,1.3496695421312266,1.154530905317981,-1.313013740438017
610,-0.6389632806958683,0.8030763538147431,-1.0154055951469299
611,0.07752659167627027,-1.8309469899130355,1.0733338755280362
612,0.7401737193027782,-1.2617134308793028,0.3578454543023318
613,0.05464084009740582,0.5975085087505245,-0.5980194512522958
614,1.5598296139039354,1.2587385624211331,-1.533442146499574
615,-0.2240453009955767,-0.2791255160740701,0.5905133818004741
616,-1.1346445616694607,-1.0104217229917298,1.1101352223491958
617,-1.295230861461342,-1.6472546953747502,1.4681046666247448
618,-0.04060179630057515,-0.6399600486596312,0.03308967023990561
619,-0.9288552125017377,-1.258399285147404,0.7270390354715806
620,1.1258199004143234,1.1170362580519102,-1.139949144347059
621,0.5585089766668868,0.610533392494806,0.39398347202571693
622,-1.5214906414156817,-1.4857656367000807,1.5205915136027506
623,-1.380558338671189,-1.6116922919315504,1.1427923733932426
624,0.7922737236078866,-0.1287419162010999,-0.5598828183999248
625,-0.1168852831152023,-1.1880272456841803,0.6894016960814978
626,1.4284524385136634,0.7252556067549084,-1.334676841524893
627,0.36145786645175276,-0.1963240865946467,-0.2736007617171792
628,1.5169443166162262,1.421783903187099,-1.5471218383567682
629,-0.6410239914750444,-0.5221794461203374,0.36107994174690433
630,0.36545180554757173,-0.3944799790000136,-0.6048992885652824
631,0.6392533031587749,1.3561880289801405,-1.098250097022676
632,-1.4770097675432936,-1.5560702668679467,1.5922013872618956
633,0.35351365050956274,-0.6947323347727661,-0.4970390050641129
634,-1.640901796807169,-1.414525234002009,1.5328194455310056
635,1.2623140815328466,0.36628253225736085,-0.7979874400918514
636,0.5513789507277645,-0.412927026770024,-0.24102794775737674
637,0.23913280210197171,0.1286196431076277,-0.6821130957688991
638,0.1592883429948191,0.603804011119526,0.054854897640685095
639,-1.4633726144269734,-1.341720350341811,1.3461581950728725
640,-1.4250854861444888,-0.6062322173604777,1.3145517262233848
641,0.62104347855716,0.7014450584147087,-0.5253319025708206
642,-0.28158666097426666,-1.3246215991911483,1.3444727979358482
643,-1.1853997690037195,-1.183762608937471,0.9947600214098907
644,-1.4873279131546615,-1.473105426813272,1.526148516282631
645,-1.6710778832739872,-1.2002494480154862,1.3395856651988995
646,1.955195109772944,1.8233317443928374,-2.007811779149595
647,0.3529305723158692,-0.4568002877894972,-0.3888172233679935
648,-0.6090135249406742,-0.020902323293418953,0.1682945627933341
649,0.6900272959436178,0.5385378781448714,-0.5674301750351712
650,-0.3996628048164178,0.020570515516197038,-0.40365132811358506
651,-1.5803534159464756,-2.0972401135941867,1.5221919682321572
652,1.6822221408080837,1.4929396023124117,-1.7793945588479207
653,0.0049284831010333215,-0.19950704332522062,-0.7977824699456926
654,0.42446174423409877,0.9428603723579378,-0.722980891017817
655,0.8179039469735634,0.8672464656185688,-0.5841949602839757
656,-0.5267503956610179,0.155172050283366,-0.2506067886165522
657,-0.6040447255042781,-0.6315298232621609,0.40723639322495186
658,-0.5791007545704903,-0.8594335103924571,0.7923877549044627
659,1.3321196220617317,0.9901731504172739,-1.2133959521310804
660,0.16874149985925338,0.6655657196526772,0.031652038993258
661,0.4096544474221022,0.3273398741230889,-0.5802980429036714
662,0.8497360175848105,0.3407087673062189,-0.7284379276888722
663,-1.1115462935861573,-1.1073465719986924,1.2000952658052946
664,0.5779935079481846,0.2096304584798092,0.009197496513645695
665,-0.4225684806780973,-0.5351870389531086,-0.48623820735325113
666,0.5417592459073554,1.3197256567815507,-0.8843771579042881
667,-1.1344345878925617,-0.603670468207825,0.9476114181519498
668,-1.1637186949372889,-0.6579273830316152,0.8053456070114954
669,1.4381316220032385,1.8040681582216944,-1.4002084028188155
670,-1.093053598866622,0.402227396312089,-1.0312708074839259
671,-0.9964516835409744,-0.02299272752779876,0.4910458952192768
672,1.3267714546910394,1.2136068112823184,-0.8836440774429651
673,0.8034708790491353,0.8721052250532126,-0.6950231631911991
674,-0.7857106529095426,-0.032007111763476176,0.306457043436211
675,-0.5715247251151235,-0.9992004321999934,0.9943510460587851
676,0.18856093918439362,0.022828327008689177,-0.10159631557893184
677,-0.36930328338589996,-0.4147398502326231,0.1772185772329128
678,0.8768102629244202,0.48218942383235847,-1.005240298484854
679,-0.1430806832333958,-0.32003374220297703,0.05029594151763606
680,-0.02682372707317575,0.1839601612998121,-0.08354977902884078
681,0.72121405644647,-0.19942427538679708,-0.26926263232363756
682,-0.1222827007328939,0.1419568527915724,-0.11329026282184684
683,-0.4497833617848463,0.3572055912633669,0.0768442277233495
684,1.0944545717519938,-0.40823133307081927,0.42997717060417906
685,0.8159426486411218,0.6149671092767722,-0.578363156263819
686,0.31373648488456146,0.40706358571556817,-0.27850126182172774
687,0.4016719274153572,-0.016853833427799256,-0.0067667315184819846
688,-0.21089929264737303,0.14877508472692424,0.18633225107042753
689,-0.17917178044149762,-0.6323984559901666,0.29065456155847763
690,0.23564543653052827,0.5822472812078053,-0.57094615402445
691,-0.26103448621658215,0.27158631631983277,0.0768442277233495
692,-0.43617560839403174,-0.17341682415404414,0.02040218603332187
693,-0.055825581449214505,-0.41491619410499536,0.532261066407297
694,-0.8377467243802704,-0.7141625518375936,0.9748854011410094
695,-0.008886481759657736,0.10181822786903631,0.18196294177748515
696,1.0909947470543735,1.3502659037477707,-1.248665531431242
697,0.40828670483936885,0.6184051787425505,-0.44571703145585756
698,0.4561337776448486,0.2335464517996337,-0.5272299876280433
699,-0.03099290720003669,0.6125570727277636,0.16399273250259525
700,0.6774362304757721,0.7021359516808022,-0.6064896004973432
701,0.818935878051451,0.56678932042378,-0.25321016320013395
702,-0.03872969745949032,-0.5350979650744101,-0.1972391452605411
703,-0.16886609197157457,0.4888426366013601,-0.3218120902189277
704,1.1577829195020706,1.3922873119912975,-1.0494960171483578
705,-1.3428058414796282,-1.0555805880462388,1.2884319416537258
706,0.2879046963815186,-0.7372667619080645,0.22612020871916128
707,0.06722388341310337,-0.6563440624723982,-0.3438328467532165
708,-0.7121470979019561,0.502739380994026,0.6129458087506475
709,0.011906880967367424,0.03280169553033614,-0.1360830155068813
710,0.5117390572061591,0.36209783897630843,-0.5804050171553061
711,0.5431654295975911,0.37830046709680837,-0.9224202536273024
712,0.016171077295744872,0.7691624202753317,-0.3088149136047617
713,0.3782086377502104,0.3820432831355278,-0.4332818645037571
714,-0.44240362896641755,0.06005684044047964,0.14284595559624147
715,0.23405577718012313,0.3725774243237171,-0.4105658583420054
716,-0.06417222469035404,0.8186134694445978,-0.16088591173352546
717,-0.46388761135452244,-0.24849108362267874,0.3962741521831352
718,0.4487360531031838,0.3076373206339632,-0.41625979431852456
719,-0.0031753547957045587,-0.556087365096847,0.33785598612709955
720,0.28381955867199943,-0.0811350504022313,-0.3580662710364313
721,-0.027993046325153294,0.0646660782007987,0.11105867042393167
722,-0.2549883414303327,-0.04808161492869864,-0.2660997567822981
723,0.48970129337098783,0.9569518355196608,-0.23606779379697232
724,0.7615039606428319,0.18079256236198532,0.006396162284608396
725,0.1426405307043814,0.16099355961395273,-0.20535217000589717
726,0.7830064743917421,0.7643572979092825,-0.918340955574435
727,-0.33229134627944595,-0.1555211195395024,0.35685924662086566
728,1.431387345838662,-0.5946276379283965,-0.21620812592330219
729,0.3234800382910453,-0.3573625643019218,-0.03446237235210567
730,-0.1557772614486628,0.04536585744635882,-0.1094914849384416
731,0.3683588342334458,-1.0095854494361287,0.7001195879191314
732,-1.1789725779541431,1.5870163991197421,0.41630834639506636
733,-0.8790519580785554,-0.4578023445830349,0.4127975836765944
734,1.102168673339235,0.6756209129199815,-1.0646980162894846
735,-0.48911471043708543,-0.8750494148986387,0.5719251179525093
736,-1.1689463604812906,-1.2273570067886628,1.2133360648146614
737,-0.094404872684453,-0.04169394617424921,0.30957882640398066
738,-0.09441000797324045,-0.6758965325302569,0.5385274809177943
739,0.7539031447461315,-0.8122239840950596,0.04298149050420753
740,-1.4279458012263788,-1.7430244846702754,1.5512390813549344
741,0.6594392139904152,0.8223967360705334,-0.8217750169359339
742,0.807563318253684,0.6543310989690315,-0.9691454472337804
743,1.1615613525987387,-0.33489195798823146,-0.7680757492420115
744,-0.541672291230903,-0.41075788999529694,0.845376496416588
745,-0.9402141016364411,-1.3262927116673648,1.1152786817439595
746,0.30005073235242846,0.9465906551370634,-0.7373104587919834
747,0.346366057605502,-1.0482714932107906,0.41028839148557233
748,-0.8138225953004522,-0.9350673451133299,1.0589580042147275
749,-0.05377167359527352,-0.3008371319196647,0.2556328678664473
750,-0.13476288337088296,-0.31882647401414776,0.36550351152513894
751,-0.7122364607319608,-0.35709973860920247,0.7164323143207578
752,0.3634850615216867,0.28134892475774054,-0.31100437948655524
753,-1.016555546780582,-0.9715431355989514,1.087600404421213
